{
  "recetas": [
    {
      "id": 1,
      "title": "Chips de Camote al Horno",
      "image": "chips_camote",
      "readyInMinutes": 30,
      "servings": 1,
      "recipeId": "chips_camote_001",
      "description": "Crujientes chips de camote horneados, perfectos para acompañar mientras disfrutas de tus momentos favoritos.",
      "allergens": ["Vegano"],
      "ingredients": [
        { "name": "Camote mediano", "amount": "1", "unit": "pieza" },
        { "name": "Aceite de oliva", "amount": "1", "unit": "cdta" },
        { "name": "Sal marina", "amount": "1", "unit": "pizca" },
        { "name": "Páprika", "amount": "1/2", "unit": "cdta" },
        { "name": "Ajo en polvo", "amount": "1/4", "unit": "cdta" }
      ],
      "preparation": "1. Precalienta el horno a 200°C. 2. Lava y corta el camote en rodajas finas. 3. Mezcla con aceite y especias. 4. Extiende en bandeja sin solapar. 5. Hornea 25-30 min hasta que estén dorados.",
      "calories": 120,
      "protein": 2,
      "carbs": 26,
      "fat": 2
    },
    {
      "id": 2,
      "title": "Bolitas de Quinoa y Coco",
      "image": "bolitas_quinoa",
      "readyInMinutes": 15,
      "servings": 1,
      "recipeId": "bolitas_quinoa_001",
      "description": "Deliciosas bolitas energéticas de quinoa inflada y coco, ideales para una pausa nutritiva.",
      "allergens": ["Sin azúcar"],
      "ingredients": [
        { "name": "Quinoa inflada", "amount": "40", "unit": "g" },
        { "name": "Coco rallado", "amount": "20", "unit": "g" },
        { "name": "Miel", "amount": "2", "unit": "cda" },
        { "name": "Mantequilla de almendras", "amount": "1", "unit": "cda" },
        { "name": "Vainilla", "amount": "1/2", "unit": "cdta" },
        { "name": "Semillas de chía", "amount": "1", "unit": "cdta" }
      ],
      "preparation": "1. Mezcla la quinoa inflada con coco y chía. 2. Combina miel, mantequilla de almendras y vainilla. 3. Une ambas mezclas hasta integrar. 4. Forma bolitas con las manos. 5. Refrigera 10 min para que se endurezcan.",
      "calories": 185,
      "protein": 5,
      "carbs": 28,
      "fat": 7
    },
    {
      "id": 3,
      "title": "Mix de Frutos Secos Especiados",
      "image": "mix_frutos_secos",
      "readyInMinutes": 20,
      "servings": 1,
      "recipeId": "mix_frutos_secos_001",
      "description": "Mezcla crujiente de frutos secos con especias aromáticas, perfecta para compartir en cualquier reunión.",
      "allergens": ["Nueces", "Sin frutos secos"],
      "ingredients": [
        { "name": "Almendras", "amount": "20", "unit": "g" },
        { "name": "Nueces", "amount": "15", "unit": "g" },
        { "name": "Pistachos", "amount": "15", "unit": "g" },
        { "name": "Cúrcuma", "amount": "1/4", "unit": "cdta" },
        { "name": "Comino", "amount": "1/4", "unit": "cdta" },
        { "name": "Aceite de oliva", "amount": "1", "unit": "cdta" },
        { "name": "Sal marina", "amount": "1", "unit": "pizca" }
      ],
      "preparation": "1. Precalienta el horno a 180°C. 2. Mezcla todos los frutos secos en un bowl. 3. Agrega aceite y especias, revuelve bien. 4. Extiende en bandeja del horno. 5. Hornea 12-15 min hasta tostar.",
      "calories": 210,
      "protein": 8,
      "carbs": 6,
      "fat": 18
    },
    {
      "id": 4,
      "title": "Mini Sandwiches Integrales de Atún",
      "image": "mini_sandwiches_atun",
      "readyInMinutes": 12,
      "servings": 1,
      "recipeId": "mini_sandwiches_atun_001",
      "description": "Deliciosos mini sandwiches integrales con atún, aguacate y vegetales frescos, perfectos para compartir.",
      "allergens": ["Gluten"],
      "ingredients": [
        { "name": "Pan integral", "amount": "4", "unit": "rebanadas pequeñas" },
        { "name": "Atún en agua", "amount": "80", "unit": "g" },
        { "name": "Aguacate", "amount": "1/2", "unit": "pieza" },
        { "name": "Tomate", "amount": "1", "unit": "pequeño" },
        { "name": "Lechuga", "amount": "2", "unit": "hojas" },
        { "name": "Limón", "amount": "1/4", "unit": "pieza" },
        { "name": "Sal y pimienta", "amount": "al gusto", "unit": "" }
      ],
      "preparation": "1. Drena bien el atún y mezcla con sal y pimienta. 2. Machaca el aguacate con jugo de limón. 3. Tuesta ligeramente el pan integral. 4. Corta tomate en rodajas finas. 5. Arma los mini sandwiches con todos los ingredientes y corta en triángulos.",
      "calories": 185,
      "protein": 18,
      "carbs": 20,
      "fat": 6
    },
    {
      "id": 5,
      "title": "Palomitas de Maíz con Nutritional Yeast",
      "image": "palomitas_nutritional",
      "readyInMinutes": 8,
      "servings": 1,
      "recipeId": "palomitas_nutritional_001",
      "description": "Palomitas caseras con levadura nutricional, una opción saludable y llena de sabor.",
      "allergens": ["Vegano"],
      "ingredients": [
        { "name": "Granos de maíz para palomitas", "amount": "30", "unit": "g" },
        { "name": "Aceite de coco", "amount": "1", "unit": "cdta" },
        { "name": "Levadura nutricional", "amount": "2", "unit": "cda" },
        { "name": "Sal marina", "amount": "1/2", "unit": "cdta" },
        { "name": "Ajo en polvo", "amount": "1/4", "unit": "cdta" },
        { "name": "Páprika ahumada", "amount": "1/4", "unit": "cdta" }
      ],
      "preparation": "1. Calienta aceite de coco en sartén grande. 2. Agrega los granos de maíz y tapa. 3. Cocina hasta que dejen de sonar. 4. Retira del fuego y destapa. 5. Espolvorea con levadura nutricional y especias.",
      "calories": 140,
      "protein": 6,
      "carbs": 20,
      "fat": 5
    },
    {
      "id": 6,
      "title": "Rollitos de Pepino con Queso Crema",
      "image": "rollitos_pepino",
      "readyInMinutes": 12,
      "servings": 1,
      "recipeId": "rollitos_pepino_001",
      "description": "Frescos rollitos de pepino rellenos de queso crema con hierbas, perfectos para cualquier ocasión.",
      "allergens": ["Lácteos"],
      "ingredients": [
        { "name": "Pepino grande", "amount": "1", "unit": "pieza" },
        { "name": "Queso crema light", "amount": "60", "unit": "g" },
        { "name": "Eneldo fresco", "amount": "1", "unit": "cda" },
        { "name": "Cebollín", "amount": "1", "unit": "cda" },
        { "name": "Sal", "amount": "1", "unit": "pizca" },
        { "name": "Pimienta", "amount": "al gusto", "unit": "" }
      ],
      "preparation": "1. Corta el pepino en láminas finas con pelador. 2. Mezcla queso crema con hierbas picadas. 3. Sazona con sal y pimienta. 4. Coloca una cucharadita de mezcla en cada lámina. 5. Enrolla cuidadosamente y asegura con palillo.",
      "calories": 95,
      "protein": 6,
      "carbs": 8,
      "fat": 5
    },
    {
      "id": 7,
      "title": "Batido de Frutas Naturales",
      "image": "batido_frutas",
      "readyInMinutes": 5,
      "servings": 1,
      "recipeId": "batido_frutas_001",
      "description": "Refrescante batido natural con frutas mixtas, perfecto para cualquier momento del día.",
      "allergens": ["Vegano", "Sin azúcar"],
      "ingredients": [
        { "name": "Plátano", "amount": "1", "unit": "mediano" },
        { "name": "Fresas", "amount": "100", "unit": "g" },
        { "name": "Mango", "amount": "80", "unit": "g" },
        { "name": "Agua", "amount": "200", "unit": "ml" },
        { "name": "Hielo", "amount": "5", "unit": "cubos" }
      ],
      "preparation": "1. Lava todas las frutas. 2. Corta el plátano y mango en trozos. 3. Agrega todo a la licuadora. 4. Licúa por 1-2 minutos hasta obtener consistencia suave. 5. Sirve inmediatamente.",
      "calories": 180,
      "protein": 3,
      "carbs": 45,
      "fat": 1
    },
    {
      "id": 8,
      "title": "Bites de Dátiles y Cacao",
      "image": "bites_datiles",
      "readyInMinutes": 15,
      "servings": 1,
      "recipeId": "bites_datiles_001",
      "description": "Pequeñas esferas energéticas de dátiles y cacao, dulces naturales perfectos para recargar energías.",
      "allergens": ["Sin frutos secos"],
      "ingredients": [
        { "name": "Dátiles sin hueso", "amount": "80", "unit": "g" },
        { "name": "Cacao en polvo", "amount": "1", "unit": "cda" },
        { "name": "Almendras", "amount": "20", "unit": "g" },
        { "name": "Coco rallado", "amount": "1", "unit": "cda" },
        { "name": "Esencia de vainilla", "amount": "1/4", "unit": "cdta" }
      ],
      "preparation": "1. Remoja los dátiles en agua tibia por 10 min. 2. Procesar dátiles, almendras y vainilla hasta formar pasta. 3. Agrega cacao en polvo y mezcla bien. 4. Forma bolitas pequeñas con las manos. 5. Rueda en coco rallado.",
      "calories": 155,
      "protein": 4,
      "carbs": 28,
      "fat": 5
    },
    {
      "id": 9,
      "title": "Crackers de Semillas Caseros",
      "image": "crackers_semillas",
      "readyInMinutes": 25,
      "servings": 1,
      "recipeId": "crackers_semillas_001",
      "description": "Crackers crujientes hechos con semillas variadas, perfectos para acompañar con dips saludables.",
      "allergens": ["Vegano", "Keto"],
      "ingredients": [
        { "name": "Semillas de girasol", "amount": "20", "unit": "g" },
        { "name": "Semillas de calabaza", "amount": "20", "unit": "g" },
        { "name": "Semillas de sésamo", "amount": "15", "unit": "g" },
        { "name": "Harina de almendras", "amount": "30", "unit": "g" },
        { "name": "Agua", "amount": "60", "unit": "ml" },
        { "name": "Sal marina", "amount": "1/2", "unit": "cdta" },
        { "name": "Orégano seco", "amount": "1/2", "unit": "cdta" }
      ],
      "preparation": "1. Mezcla todas las semillas con harina y especias. 2. Agrega agua gradualmente hasta formar masa. 3. Extiende muy fino entre papel encerado. 4. Corta en cuadros pequeños. 5. Hornea a 180°C por 15-20 min.",
      "calories": 195,
      "protein": 8,
      "carbs": 8,
      "fat": 16
    },
    {
      "id": 10,
      "title": "Garbanzos Tostados con Especias",
      "image": "garbanzos_tostados",
      "readyInMinutes": 35,
      "servings": 1,
      "recipeId": "garbanzos_tostados_001",
      "description": "Garbanzos crujientes al horno con mezcla de especias, un snack proteico irresistible.",
      "allergens": ["Vegano"],
      "ingredients": [
        { "name": "Garbanzos cocidos", "amount": "150", "unit": "g" },
        { "name": "Aceite de oliva", "amount": "1", "unit": "cdta" },
        { "name": "Comino", "amount": "1/2", "unit": "cdta" },
        { "name": "Páprika", "amount": "1/2", "unit": "cdta" },
        { "name": "Ajo en polvo", "amount": "1/4", "unit": "cdta" },
        { "name": "Sal marina", "amount": "1/2", "unit": "cdta" },
        { "name": "Cayena", "amount": "1", "unit": "pizca" }
      ],
      "preparation": "1. Precalienta horno a 200°C. 2. Seca bien los garbanzos con papel absorbente. 3. Mezcla con aceite y todas las especias. 4. Extiende en bandeja del horno. 5. Hornea 25-30 min hasta que estén dorados y crujientes.",
      "calories": 180,
      "protein": 10,
      "carbs": 25,
      "fat": 5
    },
    {
      "id": 11,
      "title": "Wrap de Pollo y Vegetales",
      "image": "wrap_pollo",
      "readyInMinutes": 15,
      "servings": 1,
      "recipeId": "wrap_pollo_001",
      "description": "Wrap saludable con pollo, vegetales crujientes y salsa yogurt.",
      "allergens": ["Gluten", "Lácteos"],
      "ingredients": [
        { "name": "Tortilla integral", "amount": "1", "unit": "pieza" },
        { "name": "Pechuga de pollo cocida", "amount": "100", "unit": "g" },
        { "name": "Lechuga", "amount": "30", "unit": "g" },
        { "name": "Tomate", "amount": "60", "unit": "g" },
        { "name": "Zanahoria rallada", "amount": "40", "unit": "g" },
        { "name": "Yogurt griego", "amount": "2", "unit": "cda" },
        { "name": "Mostaza", "amount": "1", "unit": "cdta" }
      ],
      "preparation": "1. Desmenuza el pollo cocido. 2. Lava y corta los vegetales. 3. Mezcla yogurt con mostaza. 4. Extiende la salsa en la tortilla. 5. Agrega relleno y enrolla firmemente.",
      "calories": 320,
      "protein": 28,
      "carbs": 35,
      "fat": 8
    },
    {
      "id": 12,
      "title": "Mini Brochetas de Queso y Uva",
      "image": "brochetas_queso_uva",
      "readyInMinutes": 8,
      "servings": 1,
      "recipeId": "brochetas_queso_uva_001",
      "description": "Elegantes mini brochetas con queso fresco y uvas, combinación perfecta de sabores.",
      "allergens": ["Lácteos"],
      "ingredients": [
        { "name": "Queso mozzarella bocconcini", "amount": "60", "unit": "g" },
        { "name": "Uvas verdes", "amount": "80", "unit": "g" },
        { "name": "Albahaca fresca", "amount": "8", "unit": "hojas" },
        { "name": "Aceite de oliva", "amount": "1", "unit": "cdta" },
        { "name": "Pimienta negra", "amount": "al gusto", "unit": "" },
        { "name": "Palillos", "amount": "8", "unit": "piezas" }
      ],
      "preparation": "1. Lava las uvas y sécalas bien. 2. Corta el queso en cubos del tamaño de las uvas. 3. En cada palillo ensarta: uva, hoja de albahaca y queso. 4. Acomoda en un plato. 5. Rocía ligeramente con aceite y pimienta.",
      "calories": 130,
      "protein": 8,
      "carbs": 12,
      "fat": 6
    },
    {
      "id": 13,
      "title": "Tostadas de Aguacate y Huevo",
      "image": "tostada_aguacate",
      "readyInMinutes": 10,
      "servings": 1,
      "recipeId": "tostada_aguacate_001",
      "description": "Tostadas de pan integral con aguacate cremoso y huevo pochado.",
      "allergens": ["Gluten"],
      "ingredients": [
        { "name": "Pan integral", "amount": "2", "unit": "rebanadas" },
        { "name": "Aguacate maduro", "amount": "1", "unit": "pieza" },
        { "name": "Huevo", "amount": "1", "unit": "pieza" },
        { "name": "Tomate cherry", "amount": "40", "unit": "g" },
        { "name": "Sal de mar", "amount": "1", "unit": "pizca" },
        { "name": "Pimienta negra", "amount": "al gusto", "unit": "" },
        { "name": "Limón", "amount": "unas gotas", "unit": "" }
      ],
      "preparation": "1. Tuesta el pan hasta dorar. 2. Machaca el aguacate con sal y limón. 3. Hierve agua y pocha el huevo por 3 min. 4. Unta aguacate en las tostadas. 5. Corona con huevo y tomates cortados.",
      "calories": 380,
      "protein": 16,
      "carbs": 32,
      "fat": 22
    },
    {
      "id": 14,
      "title": "Edamames al Vapor con Sal Marina",
      "image": "edamames_vapor",
      "readyInMinutes": 10,
      "servings": 1,
      "recipeId": "edamames_vapor_001",
      "description": "Edamames frescos al vapor con sal marina, un snack japonés rico en proteínas.",
      "allergers": ["Vegano", "Bajo en sodio"],
      "ingredients": [
        { "name": "Edamames congelados", "amount": "120", "unit": "g" },
        { "name": "Sal marina gruesa", "amount": "1", "unit": "cdta" },
        { "name": "Agua", "amount": "200", "unit": "ml" },
        { "name": "Limón", "amount": "1/4", "unit": "pieza" },
        { "name": "Pimienta negra", "amount": "1", "unit": "pizca" }
      ],
      "preparation": "1. Hierve agua en una olla con sal. 2. Agrega los edamames congelados. 3. Cocina por 5-6 minutos hasta que estén tiernos. 4. Escurre y coloca en bowl. 5. Espolvorea con sal marina y un toque de limón.",
      "calories": 110,
      "protein": 9,
      "carbs": 9,
      "fat": 4
    },
    {
      "id": 15,
      "title": "Parfait de Yogurt con Granola",
      "image": "parfait_yogurt",
      "readyInMinutes": 5,
      "servings": 1,
      "recipeId": "parfait_yogurt_001",
      "description": "Parfait en capas con yogurt natural, granola casera y frutas del bosque.",
      "allergens": ["Lácteos", "Gluten"],
      "ingredients": [
        { "name": "Yogurt griego natural", "amount": "150", "unit": "g" },
        { "name": "Granola", "amount": "40", "unit": "g" },
        { "name": "Arándanos", "amount": "50", "unit": "g" },
        { "name": "Frambuesas", "amount": "40", "unit": "g" },
        { "name": "Miel", "amount": "1", "unit": "cdta" },
        { "name": "Almendras laminadas", "amount": "10", "unit": "g" }
      ],
      "preparation": "1. En un vaso alto, coloca una capa de yogurt. 2. Agrega granola y frutas. 3. Repite las capas hasta llenar el vaso. 4. Corona con almendras y un toque de miel. 5. Sirve inmediatamente.",
      "calories": 315,
      "protein": 18,
      "carbs": 38,
      "fat": 12
    },
    {
      "id": 16,
      "title": "Chips de Kale al Horno",
      "image": "chips_kale",
      "readyInMinutes": 18,
      "servings": 1,
      "recipeId": "chips_kale_001",
      "description": "Chips súper crujientes de kale al horno, una alternativa saludable a las papas fritas.",
      "allergens": ["Vegano", "Keto"],
      "ingredients": [
        { "name": "Hojas de kale", "amount": "80", "unit": "g" },
        { "name": "Aceite de oliva", "amount": "1", "unit": "cdta" },
        { "name": "Sal marina", "amount": "1/2", "unit": "cdta" },
        { "name": "Ajo en polvo", "amount": "1/4", "unit": "cdta" },
        { "name": "Levadura nutricional", "amount": "1", "unit": "cda" }
      ],
      "preparation": "1. Precalienta horno a 180°C. 2. Lava y seca muy bien las hojas de kale. 3. Retira tallos duros y corta en trozos medianos. 4. Masajea con aceite y especias. 5. Hornea 12-15 min hasta que estén crujientes.",
      "calories": 85,
      "protein": 5,
      "carbs": 8,
      "fat": 4
    },
    {
      "id": 17,
      "title": "Bolitas de Coco y Limón",
      "image": "bolitas_coco_limon",
      "readyInMinutes": 12,
      "servings": 1,
      "recipeId": "bolitas_coco_limon_001",
      "description": "Refrescantes bolitas de coco con toque cítrico, perfectas para cualquier momento del día.",
      "allergens": ["Sin azúcar"],
      "ingredients": [
        { "name": "Coco rallado", "amount": "60", "unit": "g" },
        { "name": "Leche de coco concentrada", "amount": "2", "unit": "cda" },
        { "name": "Limón ralladura", "amount": "1", "unit": "cdta" },
        { "name": "Miel", "amount": "1", "unit": "cdta" },
        { "name": "Esencia de vainilla", "amount": "1/4", "unit": "cdta" }
      ],
      "preparation": "1. Mezcla coco rallado con leche de coco concentrada. 2. Agrega ralladura de limón, miel y vainilla. 3. Mezcla hasta obtener consistencia moldeable. 4. Forma bolitas pequeñas con las manos. 5. Refrigera 10 min para que se endurezcan.",
      "calories": 145,
      "protein": 2,
      "carbs": 12,
      "fat": 11
    },
    {
      "id": 18,
      "title": "Tacos de Pescado con Mango",
      "image": "tacos_pescado",
      "readyInMinutes": 25,
      "servings": 1,
      "recipeId": "tacos_pescado_001",
      "description": "Tacos frescos con pescado a la plancha, mango y salsa de aguacate.",
      "allergens": ["Gluten", "Pescado"],
      "ingredients": [
        { "name": "Tortillas de maíz", "amount": "3", "unit": "piezas" },
        { "name": "Filete de pescado", "amount": "120", "unit": "g" },
        { "name": "Mango", "amount": "80", "unit": "g" },
        { "name": "Repollo morado", "amount": "40", "unit": "g" },
        { "name": "Aguacate", "amount": "1/2", "unit": "pieza" },
        { "name": "Cilantro", "amount": "2", "unit": "cda" },
        { "name": "Lima", "amount": "1", "unit": "pieza" }
      ],
      "preparation": "1. Sazona y cocina el pescado a la plancha 6 min. 2. Corta el mango en cubitos y ralla el repollo. 3. Machaca el aguacate con lima y cilantro. 4. Calienta las tortillas. 5. Arma los tacos con todos los ingredientes.",
      "calories": 365,
      "protein": 28,
      "carbs": 45,
      "fat": 12
    },
    {
      "id": 19,
      "title": "Tostadas de Ricotta con Tomate",
      "image": "tostadas_ricotta",
      "readyInMinutes": 8,
      "servings": 1,
      "recipeId": "tostadas_ricotta_001",
      "description": "Tostadas crujientes con ricotta cremosa y tomates cherry, frescas y deliciosas.",
      "allergens": ["Gluten", "Lácteos"],
      "ingredients": [
        { "name": "Pan integral tostado", "amount": "2", "unit": "rebanadas" },
        { "name": "Ricotta", "amount": "60", "unit": "g" },
        { "name": "Tomates cherry", "amount": "80", "unit": "g" },
        { "name": "Albahaca fresca", "amount": "6", "unit": "hojas" },
        { "name": "Aceite de oliva", "amount": "1", "unit": "cdta" },
        { "name": "Sal y pimienta", "amount": "al gusto", "unit": "" }
      ],
      "preparation": "1. Tuesta el pan hasta que esté dorado. 2. Unta ricotta generosamente en cada tostada. 3. Corta tomates cherry por la mitad. 4. Decora con tomates y hojas de albahaca. 5. Rocía con aceite de oliva y sazona.",
      "calories": 175,
      "protein": 10,
      "carbs": 22,
      "fat": 6
    },
    {
      "id": 20,
      "title": "Dip de Frijoles Negros con Nachos",
      "image": "dip_frijoles_nachos",
      "readyInMinutes": 15,
      "servings": 1,
      "recipeId": "dip_frijoles_nachos_001",
      "description": "Cremoso dip de frijoles negros acompañado de nachos horneados, perfecto para compartir.",
      "allergens": ["Vegano"],
      "ingredients": [
        { "name": "Frijoles negros cocidos", "amount": "120", "unit": "g" },
        { "name": "Tortillas de maíz", "amount": "2", "unit": "piezas" },
        { "name": "Limón", "amount": "1/2", "unit": "pieza" },
        { "name": "Comino", "amount": "1/2", "unit": "cdta" },
        { "name": "Ajo en polvo", "amount": "1/4", "unit": "cdta" },
        { "name": "Cilantro fresco", "amount": "1", "unit": "cda" },
        { "name": "Sal", "amount": "al gusto", "unit": "" }
      ],
      "preparation": "1. Machaca los frijoles hasta obtener consistencia cremosa. 2. Agrega limón, comino, ajo y sal. 3. Corta tortillas en triángulos y hornea 8 min a 180°C. 4. Mezcla cilantro picado al dip. 5. Sirve caliente con nachos crujientes.",
      "calories": 195,
      "protein": 9,
      "carbs": 35,
      "fat": 3
    },
    {
      "id": 21,
      "title": "Muffins de Plátano y Nueces",
      "image": "muffins_platano",
      "readyInMinutes": 45,
      "servings": 1,
      "recipeId": "muffins_platano_001",
      "description": "Muffins esponjosos de plátano con nueces, perfectos para el desayuno.",
      "allergens": ["Gluten", "Lácteos", "Huevos", "Nueces", "Sin frutos secos"],
      "ingredients": [
        { "name": "Harina integral", "amount": "60", "unit": "g" },
        { "name": "Plátano maduro", "amount": "1", "unit": "grande" },
        { "name": "Huevo", "amount": "1", "unit": "pieza" },
        { "name": "Leche", "amount": "60", "unit": "ml" },
        { "name": "Nueces picadas", "amount": "20", "unit": "g" },
        { "name": "Polvo de hornear", "amount": "1", "unit": "cdta" },
        { "name": "Canela", "amount": "1/2", "unit": "cdta" }
      ],
      "preparation": "1. Precalienta horno a 180°C. 2. Machaca el plátano hasta formar puré. 3. Mezcla ingredientes húmedos por un lado y secos por otro. 4. Combina ambas mezclas sin batir en exceso. 5. Hornea en moldes por 20-25 min.",
      "calories": 285,
      "protein": 12,
      "carbs": 48,
      "fat": 8
    }
  ]
}
